"","Signature 1","Signature 2","Signature 3","Signature 4","Signature 5","Signature 6","Signature 7","Signature 8","Signature 9","Signature 10","Signature 11","Signature 12","Signature 13","Signature 14","Signature 15","Signature 16","Signature 17","Signature 18","Signature 19","Signature 20","Signature 21","Signature 22","Signature 23","Signature 24","Signature 25","Signature 26","Signature 27","Signature 28","Signature 29","Signature 30"
"1",0,0.33317270488549,0,0,0,0.122551861970339,0,0.00312327376277214,0.00423893581653608,0,0,0.0130175433781181,0.239826124976578,0.0726476133948438,0,0.00241150589235768,0,0,0,0.0943676805995027,0.0133636934730336,0,0,0,8.64736479227855e-05,0.0578984760382932,0,0,0.00020139083289641,0.0430927213313169
"2",0.019865775640775,0.339359572694392,0,0,0,0.0602822786241768,0,0.0043364002858847,0.00535015871545934,0,0,0.0076086492783552,0.236169902477564,0.0789024781825805,0.0228176669492455,0.00673552028818955,0,0,0,0.135410595312023,0.0352912724468542,0,0,0,0.00592033606403669,0.0191870035676362,0,0,0,0.0227623894728269
"3",0.0145106412139227,0.339282413889635,0.0238220995389033,0,0.000483439647051844,0.0875836344284868,0,0.000549689187090639,0.000996051877944365,0,0,0.00176839117249984,0.236289386360661,0.0789450917791449,0.00468299979728807,0.000814120520704935,0,0,0.000371387198559163,0.125404897414279,0.0232393540431243,0,0.00224589561909852,0,0.000529771733815434,0.0414251977107989,0.000413730616535663,0.000286233541961728,0,0.0163555727084936
"4",0.0172635196005282,0.34064015426867,0,0,0,0.081207423528687,0,0.0135978333174309,0,0,0,0.0623353134306058,0.236161280879194,0.0756096830950045,0.0110545968766327,0,0,0,0,0.130654990386209,0.0189601566106089,0,0,0,0,0,0,0,0,0.0125150480064293
"5",0.0193591936955963,0.340217495933534,0.00630572402525492,0,0,0.0680017748098681,0,0,0.00400440621342696,0,0,0.0399792290453179,0.234575313550842,0.0882811803536527,0.0149543433311575,0.00542983855996724,0,0,0,0.117464583592814,0.0267205116099187,0,0,0,0.00225607830579087,0.0123615654669558,0,0,0,0.0200887615059029
"6",0.0209006282332333,0.342862656437051,0.000197500877257775,0,0,0.0651350796384444,0,0,9.06588254746625e-05,0,0,0.00672290537841187,0.234800183228968,0.0858328016453758,0.0167667050458424,0.0536406864919454,0,0,0,0.11807430173167,0.0418207411463985,0,0.00380067147432118,0,0,0,0,0,0,0.00935447984560509
"7",0,0.341009307874912,0,0,0.0697568802597851,0.117120573261376,0,0,0,0,0,0.0164622020058861,0.237065436501575,0.063437672190556,0,0.00252984355833238,0,0,0,0.104896288850503,0.0289044907397616,0,0,0,0,0.00897967088915628,0,0,0,0.00983763386815577
"8",0.0055675464126957,0.341938902175663,0.0347397393154961,0,0,0.0897532405572312,0,0,0.000298425224224812,0,0,0.00818962677137452,0.233300879858707,0.0932149974942773,0.00056546049902795,0.000165896444652991,0,0,0.000181445935047135,0.11267416577083,0.0193162235536928,0,0.00397489151731243,0,7.43323749319781e-05,0.0468811959737793,5.10464587539583e-05,0,0,0.0091119836623009
"9",0,0.340856015643314,0,0,0,0.126615931197719,0,0,0,0,0,0.0545937636824289,0.230561112348377,0.0886756442841621,0,0.0389136315884107,0,0,0,0.0756698801516327,0.0296101214224748,0,0.00253271967373912,0,0,0,0,0,0,0.0119711800077415
"10",0.0147257212646296,0.339152199008075,0.000334196071149998,0,0,0.068804332108328,0,0.00103667152856668,0.00233094019150996,0,0,0.0341877098209801,0.237461594628524,0.110504220822145,0.00516070658452334,0.000700692235485059,0,0,0.00126075934027959,0.105932058581445,0.0235810647252034,0.00017729336884522,0,0,0.00120329846308824,0.0308911323775373,0.000975498666965238,0.000697314444420615,0,0.0208825957682986
"11",5.36321118275285e-05,0.341031713286844,0,0,0,0.116819882021788,0,0.00540674725319567,0,0,0,0.0231657971991688,0.232076069299134,0.0767934260056618,0.00722856123188502,0.0597443129221201,0,0,5.7038976031226e-05,0.0837472795297984,0.0260669983791699,0,0.0024301164013638,0,0,0.00906897504172213,0,0,0,0.01630945034029
"12",0.0172995728261243,0.337556579800449,0.00019295490200982,0.000708802531488762,0,0.0709736309651725,0,0.00186868323253037,0.00258775334806118,0,0,0.0211515511408881,0.236302224386611,0.0898491838207135,0.0102130774010621,0.0157727244471783,0,0,0.000462170610880183,0.112673351000616,0.0165363947579658,0,0.000455700274025514,0,0.000257973852549596,0.0422814465021854,0,0,0,0.0228562241994893
"13",0.0192564791878156,0.340868434348947,0.000159162810816817,0,0.00021678199505613,0.0643952868824945,0,0.0153950117301641,0.004516432044291,0,0,0.0104001579272593,0.236732895576746,0.0719017405074607,0.0221748126219851,0.00141949225086255,0,0,0.000126134587948657,0.141752323351485,0.0308325087766309,0,0,0,0.000248083568808212,0.0192315936881228,0.000176651953115618,0.000194427312884218,0,0.0200015888771054
"14",0.0130143020946764,0.340378599304768,0,0,0.0276405286131922,0.0789095465071236,0,0.00052940866903918,0.00189351872280294,0,0,0.0224185178839992,0.236975731774778,0.089795078939386,0.00348742275742445,0.00127967847436161,0,0,0,0.119453691328969,0.0272228274127321,0,0,0,0,0.0205671302292701,0,0,0,0.0164340172874777
"15",0,0.343052696742962,0,0,0,0.116775006158412,0,0,0,0,0,0.0132959868147718,0.233060520447455,0.0878133100072017,0,0.0651863422138488,0,0,0,0.084299898839388,0.0426504474857176,0,0.00599452810747748,0,0,0.00252285681850079,0,0,0,0.0053484063642649
"16",0.00324601742984169,0.336158279186487,0,0.00300382405281609,0,0.100280123216468,0,0.00971347029640441,0.00108874873964211,0,0,0.0340750826063397,0.237949888004111,0.0817968293886817,0.001260714985379,0,0,0,0,0.108310647572244,0.0139970023666653,0,0,0,0,0.0390426657887551,0,0,0,0.0300767063661645
"17",0.00955714176240727,0.340530199376606,0.00553236009681884,4.79037263407456e-05,9.31041594178372e-05,0.0873357979496043,0,0.00375967658134945,0.00347655580265429,0,0,0.0106681706820583,0.234933628538047,0.0912412521970203,0,0.0101816337489727,0,0,3.11794563289578e-05,0.109991287449901,0.0154320496811391,0,0.00388700267805838,0,0.00101581384171889,0.0541153653798536,0,0,0,0.0181698768917031
"18",0.02705199893417,0.339982659206544,0,0,0,0.0574248196025649,0,0.00326026228675901,0.00118560810012361,0,0,0.00763454097406761,0.237567081931811,0.0749627959519698,0.021894850162953,0.0213414706002989,0,0,0,0.134418544246195,0.0382467087138281,0,0,0,0,0.0140397835443296,0,0,0,0.0209888757443848
"19",0.00632883637260534,0.337416005877902,0,0.000491300163343866,0,0.0966757243017673,0,0.0100160571150102,0.00288932571214613,0,0,0.00660625221098784,0.238504939410025,0.0854143189957233,0.00406101554613999,8.23145089314212e-05,0,0,0,0.11657366225107,0.0088516810682609,0,0,0,0,0.0592665773441818,0,0,0,0.0268219891219045
"20",0.0134910569660517,0.337122099447373,0,0,0,0.0717188400678071,0,0.00339749292300392,0.00388597297781909,0,0,0.0109705297036563,0.236728102248,0.101447336117192,0.0026948157301406,0.0081848400670623,0,0,0,0.110749852300989,0.0213429658335709,0,0,0,0.000109452094612628,0.0449901328004496,0,0,0,0.0331665107222722
"21",0.0240007464376847,0.339738252838988,0,0,0,0.0503505954899699,0,0.000532293035223394,0.00365671107761222,0,0,0.0126622597128645,0.237285648105778,0.0851634156263084,0.0237376124026767,0.0193116189347365,0,0,0,0.139099124877137,0.0453055752377563,0,0,0,0.000925867595269436,0,0,0,0,0.0182302786279959
"22",0.0223417002544217,0.337545580549855,0,0,0,0.0565591183780249,0,0.00588430153477133,0.00512064330178119,0,0,0.0210794379052548,0.236542893310055,0.0825328092931391,0.0212719324658289,0.00275378870581148,0,0,0,0.13554381233843,0.0293872783443641,0,0,0,0.00220308383292969,0.0188667382903112,0,0,0,0.0223668814950212
"23",0.025489059467332,0.339677257635964,0,0,0,0.059647805371624,0,0.000860312431897787,0.00115456337024989,0,0,0.043160996398351,0.237734497098751,0.0931244388392419,0.0196017064098511,0.0140365019743274,0,0,0,0.120341798046042,0.0239143325849807,0,0,0,0.000548609808989984,0.00645250380455057,0,0,0,0.014255616757847
"24",0,0.343446099398986,0,0.00370147337496017,0,0.122012191784212,0,0.0169827543011007,0,0,0,0.0263668003558849,0.236812008996628,0.0735735152672825,0,0.01261768999761,0,0,0,0.101825664752988,0.0160244198793591,0,0,0,0,0.0370236374459798,0,0,0,0.00961374444500798
"25",0.00637700056840357,0.342246714563631,0.00301393015110292,0.00151751262285593,0.00196090092504075,0.0908964918716577,0,0.00266363373201564,0.00413897663137362,0,0,0.0120724429278643,0.234750996580255,0.0943325828546661,0,0.00887311984398749,0,0,0.0091795978322221,0.0902017200945499,0.0213506040849022,0,0,0,0.00985011683219155,0.0479015915575995,0,0,0,0.0186720663256803
"26",0.019581905641521,0.340226602706276,0.0179490806273713,0,0.000549950399206891,0.0670429537871844,0,0.00297168007462341,0.0037836615027638,0,0,0.00870485311094039,0.235927752155703,0.0727711979084346,0.0196019760030688,0.00247922150580519,0,0,3.5553023010934e-05,0.135417213449301,0.0316635644287476,0,0,0,0.00121484214335779,0.0211847496981782,0,0,0,0.0188932418345054
"27",0,0.339879066091882,0.00138686543092248,0.00382738832526363,0,0.114003990556414,0,0.0135210119541414,0.0035861207136758,0,0,0.00572284013935692,0.236588806895407,0.0784804358168042,0,0.00106007255153353,0,0,0.000438783009338653,0.08878632254712,0.000792940347353923,0,0.00570987765000339,0,0.0049439263492033,0.0805732470457072,0,0,0,0.0206983045758731
"28",0.0145148484099209,0.339605442767407,0,0,0,0.0698466427064101,0,0,0,0,0,0.0156506424508015,0.235342875761801,0.0770310550498472,0.0239981284226879,0.0368987034317625,0,0,0,0.131530653311242,0.0340189148765781,0,0,0,0,0.00793103793320109,0,0,0,0.0136310548783411
"29",0,0.341327853266049,0.000392631541816275,0,0,0.128933274350506,0,0.0220433954723331,0.00126240279433111,0,0,0.00889870985678352,0.237652838935551,0.06485908085593,0,0.00166285081894632,0,0,0.00445435111056384,0.0962955482234811,0.0120123841643172,0,0.003055690051598,0,0,0.0624213185273547,0,0,0,0.0147276700304385
"30",0.00142885607181539,0.339121635578435,0,0,0,0.0973952462262548,0,0.0314029889466361,0,0,0,0.0172714107489422,0.236268503646167,0.0950781464978643,0,0.000444440625549119,0,0,0,0.091564649218103,0.027950860050098,0,0.00145437574993737,0,0,0.036964851502373,0,0,0,0.0236540351378245
"31",0.0164320147479822,0.338520737170208,0,0,0,0.0602913420254571,0,0.00193240411902105,0.0139208201908952,0,0,0.012896791264123,0.236914933105567,0.089285808193541,0.0203080858224716,0.0110948728186895,0,0,0,0.128849518709502,0.042771513693547,0,0,0,0,0.00351882783380369,0,0,0,0.0232623303051911
"32",0.0160218596227657,0.340417529462712,0,0,0,0.0733642808804714,0,0,0,0,0,0.0120344133822603,0.232366765637391,0.104164798839359,0.00182534064955724,0.0444421459777816,0,0,0,0.102435395961466,0.0331491843807236,0,0,0,0,0.0173853346305524,0,0,0,0.0223929505749592
"33",0.018661448520758,0.337401210153012,0,0,0.00594780054902463,0.0681361766151807,0,0.00119854708394732,0,0,0,0.0277588396968269,0.237845617272248,0.0771821183441078,0.0161311126474701,0.0171883700620623,0,0,0,0.130320897700179,0.0218177474454952,0,0,0,0,0.0150269334731496,0,0,0,0.0253831804365392
"34",0.0227318226334757,0.341740741134178,3.8654015740877e-05,0,0.000846383497578517,0.0626514636027974,0,0.00872210781992755,0.00923969568635298,0,0,0.00818098042311995,0.234999788328219,0.0858120453554734,0.016188533723935,0.00649353287192292,0,0,0.000457857764889279,0.132510080060633,0.0465596993645074,0,0,0,0.000161879897432664,0.00657087661267425,0,0,0,0.0160938572071419
"35",0.00744552434423946,0.338727236736197,0,0,0,0.0839501051905489,0,0.0217471355301268,0.00511068664389902,0,0,0.00311786881976704,0.237200886946424,0.0748474667788881,0.00768459431666354,0,0,0,0,0.123680861889046,0.0114147467657537,0,0.00335717607346002,0,0,0.0593583215370541,0,0,0,0.0223573884279327
"36",0.0137678763711549,0.340957058695134,0,0,0,0.0769314993612368,0,0,0.000994758735585677,0,0,0.0147761245309996,0.235779489014067,0.0835495132027549,0.00824800883736313,0.00403251617938422,0,0,0.00185414580271978,0.127370948487047,0.0257910033220023,0,0,0,0.0231024107195211,0.026017235397532,0,0,0,0.016827411343498
"37",0.00585480043009636,0.341256698890089,0.0012279510866555,0.000448295677155647,0.00379373136156471,0.0892576663423285,0,0.00120226150694782,0.00256818022342817,0,0,0.058800350608219,0.234559820268826,0.104929136409935,0.00667102721354561,0.0031217422935359,0,0,0.00283973884186223,0.0877386563019,0.0221284527898834,0.000620556041132965,0.000295206672672565,0,0.00263081757276192,0.0151066959068717,0.00108287259671001,0.00158795242416223,0,0.0122773885397158
"38",0.0187715422388124,0.341384610193563,0.000379037582876602,0,0.000405094065245274,0.067432963669945,0,0.0146191342727173,0.00784401793011976,0,0,0.00306759560249091,0.235316772467593,0.0796724140940207,0.0161151237925459,0.00280131359952555,0,0,0.000521872505673018,0.131448445339743,0.0233289088416414,0,0.000567839565461746,0,0.000795417017303433,0.0390002184975783,0.000321845853733253,0.000182872058784707,0,0.0160229608106255
"39",0.0168960420274068,0.337978013739857,0.000495724413215867,0,0.000349839367378017,0.0782869100021,0,0.000771736922596561,0.00752955827974944,0,0,0.00570412954266877,0.237191284163817,0.0893017555984199,0.00557891149079923,0.0018982802651156,0,0,0.00126684940571486,0.126708793157443,0.0216453625234427,0,0,0,0.00209766632342944,0.0414940667275051,0,9.08043959137735e-05,0,0.0247142716534266
"40",0.0166693650902617,0.336390574062973,0,0,0,0.0801003889989346,0,0.00234932455686832,0.000876745695569012,0,0.00247273544331004,0.0486069198671741,0.238224843372614,0.0748734785360539,0.0170901314902101,0.00208678461397242,0,0,0.00851262789368227,0.122871756073254,0.0180693699430524,0,0,0,0.00182266096294802,0.0106468330609838,0.000453721825077502,0.000272097522685435,0,0.017609640990376
"41",0.00655467479263381,0.340582339054419,0.000440986379270186,0,0.000232849452343222,0.0904993540139512,0,0.00376698217423567,0.00467048374010482,0,0,0.0151200443712339,0.236301277826633,0.0970578811376098,0,0.00125925646261487,0,0,0.00120559104486563,0.102900108924835,0.00209529769161068,0.000356881148879084,0.00344856376168742,0,0.00107444721331246,0.0701074018312356,0.000969815459105077,0,0,0.0213557635194204
"42",0.0206975326166221,0.339525346585692,0,0,0,0.0850653552851526,0,0,0,0,0,0.00809081384928424,0.23972029793548,0.0876799397650602,0,0.0353665849544227,0,0,0,0.114947089535175,0.0457075559574541,0,0.00175095915294322,0,0,0.00515838591496368,0,0,0,0.0162901384477511
"43",0,0.339612617647767,0,0,0,0.0965519542438306,0,0,0.00433047162622201,0,0,0.029568306402509,0.236256567702125,0.11172174538792,0,0.00773541103232278,0,0,0.000470604678302923,0.0808205508774004,0.0294248928617799,0,0.00308433695433865,0,0.0148993907522558,0.0261501162366989,0,0,0,0.0193730335965272
"44",0,0.338056807599123,0,0,0,0.109102436406767,0,0.00631473568785776,0.0045024595181254,0,0,0.00822679819057099,0.23777225709739,0.056721218927287,0.00892476828700039,0.00542178983822388,0,0,0,0.124964082740411,0.0358624919163777,0,0,0,0.0190857004794901,0.0243771165096421,0,0,0,0.0206673368017347
"45",0.0161123548532241,0.334444519756379,0,0,0,0.0647099210881265,0,0.00617198497956642,0.00332516038917585,0,0,0.00697290886722384,0.23711991825649,0.0835831393500947,0.0170408880801318,0.0101349830581803,0,0,0,0.12918814798924,0.0371523104139835,0,0,0,0,0.0223920019870872,0,0,0,0.0316517609310955
"46",0.0137614877301444,0.337175819945632,0,0,0,0.0734393598543687,0,0,0,0,0,0.0223246387263406,0.238021349374217,0.0969958200207629,0.00162269434751625,0.00133698642585267,0,0,0,0.120997366702462,0.032144662270593,0,0,0,0.0101956546172527,0.0250181450329537,0,0,0,0.026966014951904
"47",0.0119392854889236,0.338955302477341,0.0178642846325593,0,0.000892802133312673,0.0864946118494593,0,0.000599726091176854,0.00621610913400592,0,0,0.00862214734850588,0.236191543710159,0.0800337707509946,0.00503473060690557,0.005965569679573,0,0,0,0.126848462450153,0.0388781007793369,0,0.00495700306450128,0,0.00127026494717259,0.0179909105138543,0.0010466173427347,0,0,0.01019875699933
"48",0.0172465527905804,0.33929205189187,0,0,0.0263670904143464,0.0753083708677059,0,0,1.95603913496862e-05,0,0,0.0134322304070537,0.235731069817566,0.10015361327316,0,0.00274770434046882,0,0,0,0.110990066386343,0.0366365043191089,0,0,0,0,0.021260690973097,0,0,0,0.0208144941273492
"49",0.00932128824217399,0.340144258456571,0,0.00069204435119009,0.0276909491155104,0.0786508074511835,0,0.00281374625273079,0.00227490517374568,0,0,0.0101386701440184,0.235163950063953,0.0683901889847428,0.0137089020639885,0.000945140356664193,0,0,0,0.131288794693555,0.0302519893551168,0,0,0,0.00645273753316907,0.0245471265440116,0,0,0,0.017524501217675
"50",0.000132034093429828,0.337180435755793,0.000159548354089175,0.000128656933147581,0.000128691165666091,0.0981444782967942,0,0.00312508670651731,0.000278558171442865,0,0,0.0178859745047187,0.235362495659285,0.0905514451292851,0,0.00716048609031211,0,0,0,0.0981992399039801,0.0360347127556434,6.71286165063749e-05,0,0,0.000196762040468062,0.026556340254337,0.00010558471890691,0.000162064443838416,0,0.0484402764058386
"51",0.0120707165370576,0.34075146428474,0,0,0.0014243437038438,0.0805706647559172,0,0.00873976969390037,0.00124724553544558,0,0,0.0531898658038287,0.237467143890608,0.0793670301022155,0.0186468515090026,0.00223737074711695,0,0,0.000270842472476929,0.123122905547353,0.0217152904250982,0,0.00231372870146623,0,0.000400865314622442,0.00646528876290551,0,0,0,0.00999861221240204
"52",0,0.340967043247822,0.000683881523443892,0,0.00282269355743484,0.102801271710145,0,0.00641633324282869,0.00383182392924997,0,0,0.0120951847808659,0.23375579229874,0.0708674608791489,0.00949149434754448,0.0410093402899062,0,0,0,0.103704495162315,0.0355161152262693,0,0,0,0.00310811892891592,0.0103071387226597,0,0,0,0.0226218121527099
"53",0,0.341714793760331,0.00647340642081127,0,0.0263057054810625,0.116661723746351,0,0,0,0,0,0.015303781079007,0.23964355443977,0.0815033351472857,0,0,0,0,0,0.0958686584336633,0.0215624956683365,0,0.00568111340216629,0,0,0.0435548441986691,0,0,0,0.00572658822254633
"54",0.00869583381231952,0.346417395450303,0,0,0.0253672976813455,0.105648931269013,0,0,0,0,0,0.0358167845740203,0.235065020893967,0.0792075181228514,0,0,0,0,0,0.111960048507898,0.0338821354426054,0,0.00642696190939056,0,0,0.00640997754377641,0,0,0,0.0051020947925102
"55",0.0158527634129922,0.337978914744577,0,0,0,0.0695977440880316,0,0.000106701359426877,0.000513336706951072,0,0,0.00342313646331184,0.235950931579933,0.0982664075195743,0.00807823439789253,0.0291048682951741,0,0,0.000122726305115054,0.116773543538163,0.0207996558199089,0,0,0,0.000267419692883732,0.0418513067787646,0.000355534077499796,0,0,0.0209567752198008
"56",0.0220033669242789,0.340117871086836,0.0215602120273188,0,0.000851179077981684,0.0629337789698123,0,0,0.00457665207093128,0,0,0.0131099346590828,0.233669121253458,0.0953975865496111,0.0101925865300185,0.0112757190991655,0,0,0.000889134794013279,0.119433485537443,0.0462298517984211,0,0,0,0,0.00218602389039437,0,0,0,0.0155734957312333
"57",0,0.343619215242689,0.0402309967373607,0,0.00227911579532319,0.128744031019865,0,0.000853123623738646,0.00290309512132045,0,0.000392835945677344,0.0138362265861234,0.230418939488702,0.0727116639285105,0,0.00809279125351672,0,0,0.000861744368000423,0.0875503264517166,0.0315976184975464,0,0.00256906185466441,0,0.00556169197529802,0.0208273521503511,0,0,0,0.00695016995959653
"58",0.0100669856859312,0.339378012970447,0,0,0,0.0844679432750561,0,0.0138300342898932,0.00347875904139024,0,0,0.0062275507958414,0.236787778390349,0.0839385496084933,0.000445114314854574,0,0,0,0,0.120593755211398,0.0169547876723585,0,0.00084088044626105,0,0,0.0581713210756994,0,0,0,0.0248185272220269
"59",0.0177743200963178,0.338558612082812,0.0022314804911579,0,0.00239493242405226,0.0685205349060306,0,0.0065843946198173,0.00470911163102645,0,0,0.0225659170929489,0.235161518132857,0.100081914121051,0.00676903991186739,0.00777989073297011,0,0,0.000225304171851339,0.103540199788326,0.0272546678420874,0,0,0,0.00286618466488403,0.0279485551747719,0,0,0,0.0250334221151705
"60",0,0.336187415638604,0.00159079060078041,0,0,0.124112511774853,0,0.00457980969268399,0.00331978798208247,0,0,0.0121249967967459,0.240661724145604,0.0599542182650858,0,0.00310065397407555,0,0,0,0.105010675074504,0.0320276397445007,0,0,0,0.00100247034438626,0.0339238220206787,0,0,0,0.0424034839454153
"61",0.0217591861971857,0.339304612383169,0,0,0,0.0592965304526367,0,0.00361540601492184,0.00504070603196254,0,0,0.0192064660999615,0.238145051172133,0.0931575850375243,0.0143168981601087,0.00437509419684538,0,0,0,0.125513053753905,0.028185899868278,0,0,0,0,0.0240226725308331,0,0,0,0.0240608381005351
"62",0.021488534911687,0.340015825977432,0.0025649524390167,0,0.000966186174635599,0.0645244356612009,0,0.00912174120893592,0.00807685640605731,0,0,0.00902585566005773,0.236781143942109,0.0694876385416175,0.0210687025635881,0.00222773242920111,0,0,0.000134900612867069,0.14188389044536,0.0355082546818526,0,0,0,0.00277434517042314,0.0160485679785539,0,0,0,0.0183004351954047
"63",0,0.333596364630678,0,0.000629753591562016,0,0.110801470777887,0,0.00867962701270109,0.00368712042629307,0,0,0.00913646227769164,0.239349810808373,0.0800600605267369,0,0.00384740733732645,0,0,0,0.0912032291866625,0.0108102096818335,0,0,0,0.00101195248447365,0.0656401219817534,0,0,0,0.041546409276028
"64",0.00625210925615962,0.337728581890311,0,0,0,0.104612396860629,0,0.00294960064788784,0,0,0,0.00602785206328442,0.234305263304936,0.0755650755986526,0.00973204215961831,0.0674958786272397,0,0,0,0.0923984608262668,0.0353862389964586,0,0,0,0,0.00572762344559868,0,0,0,0.0218188763229572
"65",0.00269765736747817,0.344253778444942,0.00297264151001402,0,0.0279583324043287,0.10130979896768,0,0.00172254244619351,0.00420513559777423,0,0,0.00135315503711554,0.236710551080593,0.0762191788029047,0.000361731432476487,0.00377229640177004,0,0,0,0.133909406529033,0.037389804765767,0,0.00574102927635028,0,0.00206105374310688,0.0166101957627708,0,0,0,0.000751710429700368
"66",0.00879189483557301,0.342563245932555,0.0282542524549848,0,0,0.0855414628979031,0,0,0,0,0,0.0196104451316339,0.233377998709264,0.0919918345900283,0.00257274704728964,0,0,0,5.84250750969837e-05,0.11159200166873,0.0091202614975942,0,0.00190641167055814,0,0,0.0490066491921323,0,0,0,0.0156123692966559
"67",0.0280631505705759,0.34105140201862,0,0,0,0.0568385734852584,0,0.00857141500390466,0.0123072056821497,0,0,0.00943047333332984,0.236072136456086,0.0786432702342099,0.0178259639055263,0.00985482898593487,0,0,0.00024781723266419,0.134146228244062,0.0308139246426868,0,0,0,0.00269618990097076,0.0190438702286567,0,0,0,0.0143935500753642
"68",0.00775302844636375,0.339591937013068,0.000765942302367536,0,0,0.094229565653278,0,0.00211061997897956,0.00309795068044549,0,0,0.0121984094833084,0.237184337431468,0.094067055898222,0,0.00586469415503447,0,0,0.000170618362486107,0.111653351689657,0.0127900802016275,0,0,0,0.00123825127115635,0.0562814527542808,0,0,0,0.0210027046782572
"69",0.0183391324609507,0.340950719986216,0,0,0,0.0773190546427202,0,0.00443229526440548,0,0,0,0.0359197160501608,0.236063839276807,0.0863896161778609,0.00786825295816591,0.00941199608259618,0,0,0,0.126948636535059,0.0275013135432138,0,0,0,0,0.00394629657284569,0,0,0,0.024909130448998
"70",0.00039880892281,0.33476312015777,0.000401124463689782,0.000372129120420812,0.000387265799868534,0.0994575387091549,0,0.00123840905079143,0.000634832605551056,0.000186946922358571,0,0.0491201123624764,0.236012806816942,0.0894360399000955,0.00282623572279573,0.000476807153616766,0,0,0.00014531940208005,0.0947443867218586,0.00728543344464971,0.000296361931241841,0,0,0.000541984890450766,0.0353860889109183,0.000374061663241713,0.000331677598224497,3.78292249432386e-05,0.0451446785040501
"71",0.0190903994606329,0.34086543954963,0,0,4.35592781483754e-05,0.0696353156612573,0,0.0140151854485101,0.00764155409449135,0,0,0.00351105844090956,0.236777917263391,0.0739488920408115,0.0175540132356666,0.00192168207433837,0,0,0.000347191213276964,0.131114556123422,0.0249651196231435,0,0.000570282630888596,0,1.88251144823232e-05,0.0420340378177868,2.60771444454366e-05,0,0,0.0159188937847675
"72",0.0208145688514354,0.340663310948001,0,0,0,0.0660794368985618,0,0.0157092794874212,0.00402577569322513,0,0,0.00643094153663981,0.236141722469917,0.0696018858160334,0.0225224405059682,0.0070096561884846,0,0,0.000195204017129213,0.141529383354024,0.0361724211355473,0,0,0,0.00195110290041373,0.0161909238933329,0,0,0,0.0149619463038649
"73",0.0249891983728119,0.339036950395726,0,0,0.00158426154061628,0.0694563217126065,0,0,0.00300879947605557,0,0,0.0305813109937546,0.234923266872594,0.106636320901204,0,0.0167092244470207,0,0,0.00127417369822621,0.112247218870073,0.0331889605857149,0,0,0,3.96529159571997e-05,0.00673028179342168,0.000747622167257828,0,0,0.0188464352569588
"74",0,0.337580758331562,0.000153701207701628,0.000402150334200099,0.00618722051425041,0.0967903921512212,0,0.00124825207441863,0.000527688723931954,8.60963954146483e-05,0,0.0125154058992358,0.237406500427982,0.0910067983564534,0.000761802783351331,0.0136997358983674,0.000124989154409791,5.56391973355176e-06,0.000309885567590409,0.0908537646037979,0.0258956402669131,0.00023816004551595,0.000178980143671512,6.6825705202989e-05,0.000440984464593896,0.0456773850883296,0.000305444089188621,0.000286905944915095,0.000124089269957184,0.0371248786380902
"75",0,0.340421583399938,0,0.000615489321738917,0,0.133102757519206,0,0.00290523056023689,0,0,0,0.056575797560252,0.2386288831,0.0669551663108023,0,0.023058160963827,0,0,0,0.0810610385700867,0.0223289326357668,0,0.00783506524184183,0,0.00679158815711367,0.00457529393464659,0,0,0,0.0151450127245438
"76",0,0.344164133932934,0.0210739166232256,0,0.0294955426704621,0.111239444847379,0,0,0,0,0,0.00728834091869743,0.231369843939572,0.0818533632250072,0,0,0,0,0,0.0962419448374505,0.0176106426504119,0,0.00368469438185476,0,0,0.0426224982653693,0,0,0,0.0133556337076367
"77",0.0187674939234709,0.338470856797899,0,0,0,0.0715314167771817,0,0.00242086000341135,0.0084301928536928,0,0,0.0232827759215734,0.237224220076865,0.0873614897915323,0.00825265059286366,0.00215729650083071,0,0,0.000592713509493807,0.115592473262125,0.0195363449643514,0,0.000590831622957573,0,0.0024491009283481,0.0390554629538973,0,0,0,0.0242838195195059
"78",0.00939273071822281,0.337872974992766,0,0,0,0.0804019018793641,0,0.029133855278621,0,0,0,0.0110547614666854,0.24109267065854,0.0679281383702895,0.0152665140654855,0,0,0,0,0.13290494403714,0.0340775345868337,0,0,0,0,0.0189350003043521,0,0,0,0.0219389736416995
"79",0,0.343122323043778,0,0,0,0.114356788829477,0,0,0,0,0,0.00183504671092835,0.232273186375473,0.0712641800525227,0,0.0772949922272562,0,0,0,0.107538254315505,0.0349401069664348,0,0,0,0,0.00376014115310087,0,0,0,0.0136149803255239
"80",0,0.343368780228348,0,0,0,0.136451053368877,0,0.0284205056681085,0,0,0,0.0499860548509766,0.233855609349081,0.0635650622817243,0,0,0,0,0,0.0895398823584108,0.0235172928324944,0,0.00884539241488533,0,0,0.00683669171825724,0,0,0,0.0156136749288368
"81",0.0059080976275947,0.333181911445842,0,0,0,0.0881390359585349,0,0.00501638952138183,0.00578350979340191,0,0,0.0145907514388312,0.237319411646417,0.0978571967966411,0,0.0105110591451704,0,0,0,0.100386079062384,0.0439476061883546,0,0,0,0.00282559756030545,0.0130661410538704,0,0,0,0.041467212761271
"82",0.0172210559991536,0.334560877076578,0,0,0.000255871682953905,0.0718646484640529,0,0.00462392232797966,0.00387878988924617,0,0,0.0295680994834189,0.240139867469042,0.108519437441646,0,0.00547626046752302,0,0,0,0.100654909165023,0.0242475120389529,0,0,0,0.0012638010525716,0.0311440202059374,0,8.76238673754995e-05,0,0.0264933033685455
"83",0,0.33942516217002,0.000475761612179941,0,0,0.124269969977386,0,0.00381629451110424,0.00384208212918508,0,0,0.0168871077781786,0.234236752153974,0.0810687752309429,0,0.0110678380951943,0,0,0,0.0835339112781703,0.0407229284758553,0,0,0,0,0.0181415613447957,0,0,0,0.0425118552430141
"84",0,0.340533621885841,0.00147048952422327,0.00195702317060163,0,0.139672507422439,0,0.0110958607519836,0.00189686309210386,0,0,0.0265231616292506,0.236904107181806,0.0624618307341433,0,0.0066778528837352,0,0,0,0.0833940343272902,0.027275555315824,0,0,0,0.00734962280840398,0.0229431141874504,0,0,0,0.0298443550849039
"85",0,0.334956245093522,0,0,0.0249472379992652,0.119980862882733,0,0.00249016812138376,0,0,0,0.0186866039012616,0.237268906240082,0.0850375206520307,0,0.00115238069703758,0,0,0,0.0935159059575746,0.0269779627733993,0,0,0,0,0.029028172946318,0,0,0,0.0259580327353925
"86",0.0131628932857227,0.337473383694304,0,0,0,0.0703343512158919,0,0.000604263760190967,0.000785038382176336,0,0,0.0064110622491968,0.236326612645332,0.0916999895453612,0.0108772025507138,0.0206839238018294,0,0,0.0002894149403835,0.119811224627787,0.0192143333858283,0,0,0,0.000439500717135789,0.0444954050316309,0.000499086182439491,0,0,0.0268923139840762
"87",0.0139759513544134,0.341529927989615,0.0241727207854933,0,0,0.0804921895016995,0,0,0.000444821363750303,0,0,0.010660968918918,0.233993608780817,0.0843436367254579,0.00694024763888174,0,0,0,0.00116615226216679,0.119159947134024,0.0156041828916206,0,0.00233290829437703,0,0,0.0505967061060281,0,0,0,0.0145860302527368
"88",0.0270838859630753,0.340302074424432,0.00222684529810623,0,0.000309111642368591,0.0657363322131797,0,0.00527182699796666,0.00900154124399667,0,0,0.0115253515974127,0.235799132420588,0.0806468571362175,0.0134288806703021,0.0038722077357023,0,0,0.0010140875714468,0.122627263029656,0.0307364080742387,0,0.00199109829231182,0,0.00387645434278424,0.0299667118296012,0,0,0,0.0145839295166133
"89",0,0.339057161248819,0,0.00470595626161397,0,0.128331025249695,0,0.0108394132771651,0.000720057987904847,0,0,0.028113429772856,0.234025781145213,0.068292235237124,0,0.00331496395264839,0,0,0,0.0939379039152442,0.0233601667040943,0,0,0,0,0.0378606503118389,0,0,0,0.0274412549357834
"90",0.024770315535417,0.339423505729306,0,0,0,0.0637796209279301,0,0,0.0078908617475277,0,0,0.0114248332338723,0.236418449368896,0.0919115577909984,0.0105364635943783,0.0084125603116746,0,0,0,0.120864366197421,0.0328998186105986,0,0,0,0.00219574293734517,0.0277544667276431,0,0,0,0.0217174372869922
"91",0,0.339211007349761,0,0.000718553457790841,0,0.105790309243142,0,0.00683988927969847,0.00448107428673718,0,0,0.0104321414891493,0.238112624411934,0.0931737231772979,0,0.00425370740235255,0,0,0.000320075355574643,0.0900210982713927,0.0100116284881791,0,0,0,0.00184482112030703,0.0693482846110842,0,0,0,0.0254410620555988
"92",0.000519303339174691,0.339904904812475,0,0,0,0.113997003407447,0,0.0164847856506259,0,0,0.000837184813128809,0.0679313071732537,0.232934536228279,0.0802394579783121,0.00923049636391737,0.0178923528862564,0,0,0,0.0890194415393462,0.0141899157477974,0,0.00295325020806593,0,0,0.00565835998282752,0,0.000156331824833956,0,0.00805136804425801
"93",0.0155719255611976,0.341276550647292,0,0,0,0.0849091039468249,0,0.00693095985424065,0.00912140512310133,0,0,0.0035393101846952,0.236884813182496,0.0835668105805557,0.00159957113882482,0.0031289267926507,0,0,0.000404570638766044,0.116484754141262,0.0162277204109584,0,0.000721370643858677,0,0.00285166473095802,0.0589913766177282,0,0,0,0.0177891658045892
"94",0.0228608471693759,0.338883465592027,0.00120633123887175,0,0.000342901453342665,0.058314976281484,0,0.00844942849274836,0.00811528183626736,0,0,0.00445980523729143,0.236925594015802,0.0786601248222464,0.0205212875774575,0.00581848493539804,0,0,7.31789774882826e-05,0.13691684097248,0.0322498290872564,0,0,0,0.00292102731978201,0.0235369487811284,0,0,0,0.0197436462095529
"95",0.0140219147110418,0.340373608771992,0.00169009448270469,0,0.0153612754841938,0.080518883025681,0,0,0.00345537614791849,0,0,0.0251751737978343,0.236811001371643,0.111052006283519,0,0.00621901431880133,0,0,0.00161836906867388,0.0874803798834532,0.0311439368674671,0,0.00335696576268745,0,0.00367685036200741,0.0241878481014471,0,0,0,0.0138573015589344
"96",0,0.342015282902772,0,0,0.0686918954941415,0.12337852215034,0,0.000282643457916586,0,0,0,0.0192314038576825,0.23637808661773,0.0642121851381233,0,0,0,0,0.000371011267000992,0.091200016277994,0.0250506538416847,0,0.000807152473215555,0,0,0.0171134567717285,0,0,0,0.0112676897496706
"97",0.0235902299000589,0.340157701801322,0,0,0,0.0666672300821035,0,0,0,0,0,0.0611439060763578,0.237273312422179,0.103604600322077,0.00932378546326539,0.00322140518913407,0,0,0,0.103605604940296,0.0158958849510863,0,0.000655049982522802,0,0.00121948720504132,0.0130033208664659,0,0,0,0.0206384807980889
"98",0.000243125034873857,0.343258307749347,0.000209194513331725,0,0.000411134605282858,0.0922056329764645,0,0.000203399497254655,0.000736336191760909,0,0,0.0136546749223438,0.23538622184209,0.087857706635143,0.00757450016051907,0.000593128917038689,0,0,0.00734318569968446,0.115608524859206,0.032160754730746,0,0.00109406515040008,0,0.0339599912260208,0.0259229949562454,0,0.000315010332944282,0,0.00126210999930245
"99",0.0262947018716518,0.340757557271418,0.000931077539330604,0,0.00109994434144176,0.060260956776933,0,0.0024349487085448,0.00790296744194133,0,0,0.0244464644465209,0.236704221462084,0.0880874536558321,0.0170550925836007,0.0035470179043759,0,0,6.44530115159218e-05,0.128306823736401,0.0257322357720245,0,0,0,0.00168659286897139,0.0184328809560862,0.000534819984898726,0,0,0.0157197896664279
"100",0,0.345273248271538,0.0330816235199479,0,0.0033594123349941,0.123419079730842,0,0.00231224732216224,0.00418170954182269,0,0,0.0267350946697806,0.231599928935672,0.0800373227595555,0,0.00602086461679492,0,0,0.00230965730666153,0.0732450591641607,0.0270015250534376,0,0.00293334508586804,0,0.00262383659828919,0.0231630244950717,0,0,0,0.0127030205934003
